group,1990,1991,1992,1993,1994,1995,1996,1997,1998,1999,2000,2001,2002,2003,2004,2005,2006,2007,2008,2009,2010,2011,2012,2013,2014,2015,2016,2017,2018,2019,2020,2021
All Countries Total,48422,22799,19222,50663,45095,58772,84455,103398,174434,283376,314007,159461,74457,53146,135826,104773,237136,215952,306366,143604,198049,229862,199034,201393,201733,467625,459419,308957,203234,242519,95037,389194
Canada,1821,103,2002,3753,4584,4824,8590,8380,15959,26367,27258,9173,4611,7090,33164,14868,14770,43867,16794,30366,7357,18790,17326,14933,23479,58887,65140,71025,29132,38251,20011,38229
Europe[1],21549,12013,9181,39421,29168,39686,55989,75603,153111,223406,251041,140661,45368,22756,80730,77896,182575,124552,234331,99073,151055,128687,156994,114304,93768,338691,301860,173688,100014,103974,38539,267759
  Austria,227,-114,-9,32,121,248,175,80,208,429,-161,-189,1118,42,241,-1033,-179,590,370,(D),136,177,477,639,983,198,3496,2417,-2657,2878,982,570
  Belgium,115,-584,819,-443,818,-68,354,1714,3449,1371,3923,243,-2712,1770,1299,-1561,541,12835,-989,13262,5640,10284,12353,-8589,11410,-12327,186,-2201,2505,1201,578,2831
  Denmark,165,-428,446,654,357,650,-420,569,493,1314,-544,-880,3035,570,158,1009,893,184,548,1171,1472,462,248,2101,3282,1013,3986,271,1867,3252,7232,4436
  Finland,386,27,324,-30,535,619,-47,1205,255,1314,4407,-1030,-598,-801,17,416,1017,-1566,6868,(D),-179,660,-238,554,-1455,655,-73,666,1457,-727,-338,1999
  France,5987,4407,178,6641,4394,2725,7244,10951,11368,29834,51001,14546,4624,4526,10706,10053,29078,5808,12950,25369,8865,795,25433,-7021,10197,33472,28553,15406,992,13775,13435,8009
  Germany,585,2160,1307,7802,6116,7908,19616,11110,42986,23478,14054,40206,1990,12280,7079,12101,39540,-12690,17122,12320,18760,16396,6772,12427,37121,25353,15637,18291,22358,29216,23792,52308
  Greece,n.s.,n.s.,n.s.,n.s.,n.s.,n.s.,n.s.,n.s.,n.s.,n.s.,n.s.,n.s.,n.s.,n.s.,n.s.,n.s.,n.s.,n.s.,n.s.,n.s.,n.s.,n.s.,n.s.,n.s.,n.s.,n.s.,n.s.,n.s.,n.s.,n.s.,n.s.,n.s.
  Ireland,-138,20,300,2983,1430,1657,2544,4795,2386,287,5060,1882,1990,-4754,-5241,1876,6538,4974,-341,-1348,5417,-1696,-936,9554,7114,14892,8645,31039,67432,-4022,-1115,41375
  Italy,429,-70,342,475,143,197,333,-262,1024,862,1978,498,357,-215,1198,636,3237,5485,5871,-2462,1304,3334,1794,1887,4071,6924,737,1206,1489,1517,2615,2527
  Liechtenstein,-8,-58,-5,-28,-22,6,-3,n.s.,n.s.,n.s.,n.s.,n.s.,n.s.,n.s.,n.s.,n.s.,n.s.,n.s.,n.s.,n.s.,n.s.,n.s.,n.s.,n.s.,n.s.,n.s.,n.s.,n.s.,n.s.,n.s.,n.s.,n.s.
  Luxembourg,1851,-1359,36,145,1256,3429,-2230,5393,13819,6887,30864,-21498,-1108,14344,7301,4235,17923,16051,6802,17349,29461,11989,10483,34988,27943,172740,49203,29121,-121699,2883,-6133,4444
  Netherlands,7163,3631,2627,4063,-2006,-1526,12262,12344,6533,41689,33517,24036,4337,6365,8191,-1871,25543,25973,75327,5018,20772,8457,38618,4606,29685,33318,43143,24644,78306,19935,18014,42925
  Norway,288,-33,293,-110,610,407,306,822,687,-533,-945,-99,1371,389,-1261,5265,707,-2707,4545,577,885,7743,2643,1915,3549,8130,-1097,1664,4599,839,-1614,1810
  Spain,188,403,-222,175,435,789,60,330,361,309,6390,-170,41,672,469,2305,7164,15286,9330,4569,4410,5923,1218,1594,4671,4956,2546,3408,6319,3108,2482,-4109
  Sweden,443,-50,1891,226,942,2231,-1243,2540,4683,3892,3546,-368,-19,-14,2452,-1211,-2406,20318,-7662,1381,10903,2779,889,4611,4134,3685,4610,399,1819,5229,4715,11196
  Switzerland,-633,502,2385,2881,3954,4066,2438,8970,4509,2503,12124,61789,9751,-3127,12571,6551,1177,-4279,45660,10710,41406,19894,16110,18420,31139,-5732,46595,-2922,28188,9975,6259,6544
  United Kingdom,4519,3450,-1598,14109,10063,16255,14404,15010,60335,108566,82652,2819,21267,-4385,28137,36132,38547,25434,52609,18373,30069,46316,39640,32023,-94851,50294,88081,47838,-2796,10360,-30935,89791
"  Denmark, Greece, and Ireland",n.s.,n.s.,n.s.,n.s.,n.s.,n.s.,n.s.,n.s.,n.s.,n.s.,n.s.,n.s.,n.s.,n.s.,n.s.,n.s.,n.s.,n.s.,n.s.,n.s.,n.s.,n.s.,n.s.,n.s.,n.s.,n.s.,n.s.,n.s.,n.s.,n.s.,n.s.,n.s.
  Other,-18,110,67,-155,19,94,195,33,14,1203,3175,18875,-73,-4907,7412,2992,13254,12855,5323,-6957,-28267,-4827,1489,4596,14777,1122,7612,2439,9835,4555,-1429,1103
    Albania,0,0,1,0,0,0,0,0,0,0,0,0,0,0,1,-1,(*),n.s.,0,0,0,0,(*),(*),(*),1,(*),(D),(*),(*),0,0
    Andorra,0,-1,1,0,0,0,0,n.s.,n.s.,n.s.,n.s.,n.s.,n.s.,n.s.,n.s.,n.s.,n.s.,n.s.,0,0,0,0,0,0,0,0,0,-1,(*),(*),(*),(*)
    Austria,n.s.,n.s.,n.s.,n.s.,n.s.,n.s.,n.s.,n.s.,n.s.,n.s.,n.s.,n.s.,n.s.,n.s.,n.s.,n.s.,n.s.,n.s.,n.s.,n.s.,n.s.,n.s.,n.s.,n.s.,n.s.,n.s.,n.s.,n.s.,n.s.,n.s.,n.s.,n.s.
    Armenia,n.s.,n.s.,0,0,0,0,0,(*),(*),(*),(*),(*),0,0,n.s.,n.s.,n.s.,n.s.,0,0,0,0,1,(*),1,(*),(*),-1,-1,(*),(*),(*)
    Azerbaijan,n.s.,n.s.,0,0,0,0,0,0,0,0,-1,-1,-4,-2,-3,(D),-3,-6,14,(D),5,(D),(D),(D),12,-6,(D),(D),5,(*),-2,3
    Belarus,n.s.,n.s.,0,0,0,0,(D),-1,-2,(*),(*),(*),(*),(*),(*),(*),(*),(*),(*),-1,-1,-1,-1,-1,5,1,(*),6,5,3,(D),3
    Bosnia and Herzegovina,n.s.,n.s.,(D),1,4,0,0,(*),(*),0,0,(*),(*),0,0,n.s.,0,n.s.,0,0,0,0,(*),0,(*),(*),(*),(*),(*),(*),(*),(*)
    Bulgaria,(*),0,0,0,0,0,-1,1,(*),(*),(*),0,0,(*),-1,2,1,-1,(*),(*),(*),-1,(*),(D),(D),(D),-45,(D),(D),(D),(D),(D)
    Croatia,n.s.,n.s.,0,0,0,0,0,(*),(*),(*),(*),(*),(*),(*),(*),(*),(*),(*),(*),(D),(D),(D),(D),(D),(D),(D),(D),(D),(D),(D),(D),(D)
    Cyprus,(D),(D),-1,1,-1,1,(D),(D),-22,(D),(D),1,(D),-16,(D),(D),(D),260,(D),(D),-173,(D),-221,154,-71,151,-607,-1516,-137,17,57,-59
    Czech Republic,n.s.,n.s.,n.s.,0,0,0,-1,-1,(*),(*),(D),(D),20,-1,44,1,-24,-17,3,15,49,26,-32,25,-4,30,-1,22,-49,123,-31,89
    Czechoslovakia,0,0,(*),n.s.,...,...,...,n.s.,n.s.,n.s.,n.s.,n.s.,n.s.,n.s.,n.s.,n.s.,n.s.,n.s.,n.s.,n.s.,n.s.,n.s.,n.s.,n.s.,n.s.,n.s.,n.s.,n.s.,n.s.,n.s.,n.s.,n.s.
    Finland,n.s.,n.s.,n.s.,n.s.,n.s.,n.s.,n.s.,n.s.,n.s.,n.s.,n.s.,n.s.,n.s.,n.s.,n.s.,n.s.,n.s.,n.s.,n.s.,n.s.,n.s.,n.s.,n.s.,n.s.,n.s.,n.s.,n.s.,n.s.,n.s.,n.s.,n.s.,n.s.
    Estonia,n.s.,0,0,0,0,0,0,0,0,0,2,(*),(*),-1,(*),(*),(*),-3,-1,(*),(*),1,-1,-1,(*),(*),(*),-4,-2,-1,-1,1
    Georgia,n.s.,n.s.,n.s.,n.s.,n.s.,n.s.,n.s.,0,0,0,0,0,-1,1,0,0,0,0,0,(*),-1,0,0,0,0,-1,1,-2,-1,-1,0,0
    Gibraltar,(D),-1,-3,(D),(D),(D),-2,(D),(D),(D),(D),(D),34,(D),(D),(D),(D),(D),(*),51,(D),(D),136,-162,(D),7177,-71,305,1462,249,386,285
    Greece,-2,-44,29,-8,6,25,27,34,21,55,50,-160,59,64,156,194,(D),-161,(D),-109,-169,-164,-113,-67,-28,35,44,-51,-229,-70,82,-8
    Greenland,n.s.,n.s.,n.s.,n.s.,n.s.,n.s.,n.s.,0,0,0,0,0,(*),(*),(*),(*),(*),(*),(*),(*),(*),0,(*),(*),(*),(*),(*),(*),(D),(D),(*),(*)
    Hungary,(D),(D),7,-2,-1,-1,-7,(D),(D),810,3992,12463,129,-2277,744,1975,4499,8689,2400,266,-26488,-3650,3013,591,4452,-5312,4166,2543,8307,3827,-2120,-767
    Iceland,(D),(D),-9,(D),(D),(*),-5,4,(D),48,-30,(D),-198,(D),5635,191,(D),-2085,-798,-5576,(D),(D),(D),(D),(D),(D),(D),-62,-29,-17,-16,46
    Kazakhstan,n.s.,n.s.,0,0,0,0,0,-1,-3,6,-3,-1,(*),1,1,(*),-16,-22,(D),(D),4,(*),7,(D),-15,41,-3,4,1,(*),(*),(*)
    Kosovo,n.s.,n.s.,n.s.,n.s.,n.s.,n.s.,n.s.,n.s.,n.s.,n.s.,n.s.,n.s.,n.s.,n.s.,n.s.,n.s.,n.s.,n.s.,0,0,0,0,0,0,0,0,0,0,0,0,0,0
    Kyrgyzstan,n.s.,n.s.,n.s.,n.s.,n.s.,n.s.,n.s.,n.s.,n.s.,n.s.,n.s.,n.s.,n.s.,n.s.,0,(*),0,0,(*),(*),0,0,0,0,0,0,0,(*),(*),(*),(*),(*)
    Latvia,n.s.,0,0,0,0,0,0,0,0,0,(*),(*),0,0,-1,27,(*),1,-1,(*),1,(*),(*),(*),(D),(D),(*),(D),(D),(D),(D),(D)
    Liechtenstein,n.s.,n.s.,n.s.,n.s.,n.s.,n.s.,n.s.,-14,29,1,-50,-6,12,4,43,(D),24,51,23,14,68,4,43,(D),-25,27,(D),182,149,76,41,180
    Lithuania,n.s.,n.s.,n.s.,n.s.,n.s.,n.s.,n.s.,0,0,0,0,0,(*),0,0,0,(*),(D),1,-5,7,-2,(*),(D),(D),(D),(D),(D),(D),(D),(D),(D)
    Malta,-2,11,3,(D),15,(D),(D),(D),(D),7,(D),(D),(D),(D),(D),2,(*),6,-12,6,1,(D),18,29,484,-257,601,341,-33,506,140,189
    Moldova,n.s.,n.s.,n.s.,n.s.,n.s.,n.s.,n.s.,n.s.,n.s.,n.s.,n.s.,n.s.,n.s.,n.s.,n.s.,n.s.,n.s.,n.s.,0,0,0,0,0,0,0,0,0,(*),(*),(D),(*),(*)
    Norway,n.s.,n.s.,n.s.,n.s.,n.s.,n.s.,n.s.,n.s.,n.s.,n.s.,n.s.,n.s.,n.s.,n.s.,n.s.,n.s.,n.s.,n.s.,n.s.,n.s.,n.s.,n.s.,n.s.,n.s.,n.s.,n.s.,n.s.,n.s.,n.s.,n.s.,n.s.,n.s.
    Monaco,n.s.,n.s.,n.s.,n.s.,n.s.,n.s.,n.s.,n.s.,n.s.,n.s.,n.s.,n.s.,n.s.,n.s.,n.s.,0,- - - - -,(*),1,-7,6,1,(*),(*),1,(*),(*),1,(D),-34,(D),(*)
    Montenegro,n.s.,n.s.,0,0,0,0,0,(*),(*),(*),(*),(*),0,0,n.s.,n.s.,n.s.,n.s.,0,0,0,0,0,0,0,0,0,0,(*),(*),(*),(*)
    North Macedonia,n.s.,n.s.,n.s.,n.s.,n.s.,n.s.,n.s.,n.s.,n.s.,n.s.,n.s.,n.s.,n.s.,n.s.,n.s.,n.s.,0,-1,1,(*),0,0,-1,1,-1,1,(*),-1,-2,(*),(*),(*)
    Poland,1,14,1,3,2,1,4,6,-2,1,-1,-84,50,22,1,-20,5796,(D),426,-2511,476,507,-506,-119,-34,-6,170,411,17,-165,-12,415
    Portugal,-26,-4,9,(*),1,-5,-8,-4,-8,-11,-21,68,-19,-30,-31,1,(D),226,-51,64,-30,175,-28,341,50,6,-5,71,-104,67,-28,35
    Spain,n.s.,n.s.,n.s.,n.s.,n.s.,n.s.,n.s.,n.s.,n.s.,n.s.,n.s.,n.s.,n.s.,n.s.,n.s.,n.s.,n.s.,n.s.,n.s.,n.s.,n.s.,n.s.,n.s.,n.s.,n.s.,n.s.,n.s.,n.s.,n.s.,n.s.,n.s.,n.s.
    Romania,0,(D),(*),(D),0,0,0,(D),-2,(D),(D),6,-1,-3,(D),-5,(*),3,-46,-35,45,75,11,(D),-7,25,(D),-33,-39,9,(D),70
    Russia,n.s.,n.s.,37,-29,-1,21,179,-28,(D),(D),21,6,-155,(D),(D),142,305,(D),2756,-746,-1905,693,-15,711,(D),-376,102,-119,185,-76,73,580
    San Marino,n.s.,n.s.,n.s.,n.s.,n.s.,n.s.,n.s.,n.s.,n.s.,n.s.,n.s.,n.s.,n.s.,n.s.,n.s.,n.s.,n.s.,n.s.,0,0,0,0,0,0,0,0,0,(*),(*),(*),(*),(*)
    Serbia,n.s.,n.s.,(D),(D),(D),-9,(D),(D),(D),(D),(*),(*),(*),-1,1,(*),-2,1,(*),(*),1,(*),-2,2,2,2,-1,5,-2,-8,19,(*)
    Slovakia,n.s.,n.s.,n.s.,(*),(*),(D),(D),(D),0,-3,1,1,1,-1,-5,5,(D),-2,-3,-3,7,(*),11,-4,-11,(D),2,-9,1,-64,38,(D)
    Slovenia,n.s.,n.s.,3,-5,-2,-5,(D),(D),-5,(*),(*),-1,(D),(D),(*),(*),8,-9,-3,-4,2,-1,-9,-5,(D),(*),(D),1,7,(D),-1,1
    Tajikistan,n.s.,n.s.,n.s.,n.s.,n.s.,n.s.,n.s.,n.s.,n.s.,n.s.,n.s.,n.s.,n.s.,n.s.,n.s.,n.s.,n.s.,n.s.,0,0,0,0,0,0,0,0,(*),-1,-1,(*),(*),(*)
    Turkey,-2,-7,-7,3,-3,1,25,-7,11,56,75,17,41,-19,20,5,34,18,(D),42,-37,-93,4,171,-26,46,266,275,272,76,-103,67
    Turkmenistan,n.s.,n.s.,n.s.,n.s.,n.s.,n.s.,n.s.,0,0,0,0,0,0,0,0,-2,2,0,2,-2,(*),-2,(D),-7,(D),6,1,3,0,0,0,0
    Ukraine,n.s.,n.s.,1,(*),(*),(*),(*),(*),(*),(*),(*),(*),(*),(*),-1,1,(*),-1,-2,-2,1,3,(*),-6,(*),(D),-2,4,-17,3,2,-5
    Union of Soviet Socialist Republics,(D),(D),n.s.,n.s.,...,...,...,n.s.,n.s.,n.s.,n.s.,n.s.,n.s.,n.s.,n.s.,n.s.,n.s.,n.s.,n.s.,n.s.,n.s.,n.s.,n.s.,n.s.,n.s.,n.s.,n.s.,n.s.,n.s.,n.s.,n.s.,n.s.
    Uzbekistan,n.s.,n.s.,0,0,0,0,0,-1,-1,(*),2,0,0,0,n.s.,0,0,-1,(*),-1,2,0,0,(*),(*),(*),(*),(*),(*),(*),(*),(*)
    Vatican City,n.s.,n.s.,n.s.,n.s.,n.s.,n.s.,n.s.,n.s.,n.s.,n.s.,n.s.,n.s.,n.s.,n.s.,n.s.,n.s.,n.s.,n.s.,0,0,0,0,0,0,0,0,0,0,0,0,0,0
    Yugoslavia,11,1,n.s.,n.s.,...,...,...,n.s.,n.s.,n.s.,n.s.,n.s.,n.s.,n.s.,n.s.,n.s.,n.s.,n.s.,n.s.,n.s.,n.s.,n.s.,n.s.,n.s.,n.s.,n.s.,n.s.,n.s.,n.s.,n.s.,n.s.,n.s.
Japan,n.s.,n.s.,n.s.,n.s.,n.s.,n.s.,n.s.,n.s.,n.s.,n.s.,n.s.,n.s.,n.s.,n.s.,n.s.,n.s.,n.s.,n.s.,n.s.,n.s.,n.s.,n.s.,n.s.,n.s.,n.s.,n.s.,n.s.,n.s.,n.s.,n.s.,n.s.,n.s.
"Australia, New Zealand, and South Africa",n.s.,n.s.,n.s.,n.s.,n.s.,n.s.,n.s.,n.s.,n.s.,n.s.,n.s.,n.s.,n.s.,n.s.,n.s.,n.s.,n.s.,n.s.,n.s.,n.s.,n.s.,n.s.,n.s.,n.s.,n.s.,n.s.,n.s.,n.s.,n.s.,n.s.,n.s.,n.s.
  Australia,n.s.,n.s.,n.s.,n.s.,n.s.,n.s.,n.s.,n.s.,n.s.,n.s.,n.s.,n.s.,n.s.,n.s.,n.s.,n.s.,n.s.,n.s.,n.s.,n.s.,n.s.,n.s.,n.s.,n.s.,n.s.,n.s.,n.s.,n.s.,n.s.,n.s.,n.s.,n.s.
  New Zealand,n.s.,n.s.,n.s.,n.s.,n.s.,n.s.,n.s.,n.s.,n.s.,n.s.,n.s.,n.s.,n.s.,n.s.,n.s.,n.s.,n.s.,n.s.,n.s.,n.s.,n.s.,n.s.,n.s.,n.s.,n.s.,n.s.,n.s.,n.s.,n.s.,n.s.,n.s.,n.s.
  South Africa,n.s.,n.s.,n.s.,n.s.,n.s.,n.s.,n.s.,n.s.,n.s.,n.s.,n.s.,n.s.,n.s.,n.s.,n.s.,n.s.,n.s.,n.s.,n.s.,n.s.,n.s.,n.s.,n.s.,n.s.,n.s.,n.s.,n.s.,n.s.,n.s.,n.s.,n.s.,n.s.
Latin America and Other Western Hemisphere,5199,-4490,3267,3462,3549,2886,1990,4854,-2569,16929,12741,8232,10342,9186,-2945,-3169,11808,2484,8822,7990,13424,21137,-863,16254,13627,11628,30655,-4083,41147,38792,-7260,22778
  South and Central America,992,834,970,-1261,955,592,1090,470,1831,1422,4749,-1606,4461,4610,2915,2080,2166,-284,596,1093,2824,7200,-93,3453,1880,846,2054,1503,4735,2948,4178,11146
    Brazil,-46,111,18,191,-13,116,-64,53,-85,116,106,-290,342,-334,668,985,-468,492,278,-1539,2718,3681,-101,555,-407,-750,-1694,-524,2986,2650,922,800
    Mexico,224,167,647,-110,1058,-263,-47,331,871,1273,5062,-716,2349,2173,-629,-19,2265,291,731,2469,-123,2432,304,3157,1742,1116,2900,2729,260,-511,2236,5985
    Panama,870,576,407,-494,-210,329,860,278,988,-226,-1087,297,1871,2664,1403,895,1618,1023,188,144,-553,87,-88,307,208,243,89,-339,355,-176,1158,61
    Venezuela,-72,11,-110,-835,135,111,146,-267,-77,416,647,-347,123,-86,624,308,-1362,-2032,-1465,158,420,503,322,-594,246,224,369,-30,758,127,(D),-379
    Other,16,-32,9,-14,-15,299,195,75,134,-158,22,-550,-224,193,849,-89,113,-58,863,-138,362,497,-530,28,90,13,389,-334,376,859,(D),4680
      Argentina,50,-41,26,-25,37,354,160,18,95,-31,-32,-172,581,-352,-49,-94,107,-53,182,-366,18,-228,-95,-63,-35,-50,17,-22,-285,405,21,169
      Belize,(D),(D),0,1,0,0,0,0,0,0,0,0,0,0,(*),4,2,5,(D),-1,(*),1,-1,(D),-1,(D),(D),-2,-1,(D),(D),(D)
      Bolivia,-2,3,(D),-3,2,1,(*),(*),(D),(D),(D),(*),-2,1,1,(*),2,(*),3,-1,-1,9,-27,(D),29,(D),(D),29,-4,2,1,1
      Brazil,n.s.,n.s.,n.s.,n.s.,n.s.,n.s.,n.s.,n.s.,n.s.,n.s.,n.s.,n.s.,n.s.,n.s.,n.s.,n.s.,n.s.,n.s.,n.s.,n.s.,n.s.,n.s.,n.s.,n.s.,n.s.,n.s.,n.s.,n.s.,n.s.,n.s.,n.s.,n.s.
      Chile,-35,21,10,-21,(*),-4,4,41,43,(*),-19,-204,189,29,27,73,144,-3,-89,-32,88,-28,38,59,67,158,116,-5,338,235,-16,292
      Colombia,(*),-8,(*),-13,-8,-15,-6,8,12,-14,-22,-57,(D),84,241,228,277,118,388,226,119,524,-88,-114,-239,169,75,-31,-29,3,-158,96
      Costa Rica,-3,5,-3,(*),-9,4,8,-20,6,-62,57,-4,-5,-2,-1,-111,4,-10,80,-13,-2,-29,-32,50,-32,20,82,-132,-72,27,99,67
      Ecuador,1,(*),5,-1,-2,2,1,3,4,(*),3,5,-3,3,(*),-15,5,-9,-10,31,49,-13,-8,-25,-4,2,-5,29,7,(*),-5,-32
      El Salvador,(*),(*),(*),-1,-2,-1,3,1,-3,(*),3,-1,-3,10,-15,-4,(*),-7,9,-2,-2,4,-1,(*),-11,6,2,10,(D),(D),-1,23
      French Guiana,0,0,0,0,0,0,0,0,0,0,1,-1,0,0,n.s.,n.s.,n.s.,n.s.,0,0,0,(D),(D),(D),(D),0,0,5,(D),(*),(*),(*)
      Guatemala,3,-8,(D),(D),(D),-24,(D),(D),-4,-12,16,-4,(D),345,(D),(D),-13,18,-31,-41,50,-8,16,-5,-11,6,17,-11,-16,13,2,-26
      Guyana,(*),0,-2,2,0,0,-1,0,0,-2,2,0,0,0,0,0,0,n.s.,0,0,0,-2,(*),(D),(D),(D),(D),(*),(D),(D),(D),(D)
      Honduras,-1,-1,-1,-1,-3,-2,-2,-2,2,2,-4,1,(*),-6,3,-4,-6,-6,12,(D),(D),-29,-25,14,2,3,17,-26,-27,-4,-9,-11
      Mexico,n.s.,n.s.,n.s.,n.s.,n.s.,n.s.,n.s.,n.s.,n.s.,n.s.,n.s.,n.s.,n.s.,n.s.,n.s.,n.s.,n.s.,n.s.,n.s.,n.s.,n.s.,n.s.,n.s.,n.s.,n.s.,n.s.,n.s.,n.s.,n.s.,n.s.,n.s.,n.s.
      Nicaragua,(*),(*),(*),(*),(*),(*),-9,(D),(D),(D),(D),5,-1,(D),(D),(D),(D),(D),(D),(D),(D),(D),(D),(D),(D),(D),(D),2,(D),(D),3,-1
      Paraguay,0,0,0,0,0,0,0,0,(*),(*),0,-1,1,(*),0,-1,(D),(D),(*),-2,3,1,-1,-1,(D),(D),(*),1,-7,(D),-4,(D)
      Peru,(D),(D),(*),(D),(D),7,(D),-4,13,-33,-8,-124,(D),(D),(D),-119,-461,53,48,73,69,20,-118,42,-45,-3,23,4,4,-13,-1,-48
      Suriname,0,0,(*),(*),(*),(*),(*),0,0,0,0,0,0,0,n.s.,n.s.,0,(*),(*),2,(*),(*),(*),(*),(*),(*),(D),(*),(D),(D),(D),0
      Uruguay,-1,3,-27,32,-6,-24,11,33,-13,-7,(*),8,7,120,-22,-56,41,-112,214,26,-1,216,-79,-46,400,-299,68,-184,461,184,390,4270
      Venezuela,n.s.,n.s.,n.s.,n.s.,n.s.,n.s.,n.s.,n.s.,n.s.,n.s.,n.s.,n.s.,n.s.,n.s.,n.s.,n.s.,n.s.,n.s.,n.s.,n.s.,n.s.,n.s.,n.s.,n.s.,n.s.,n.s.,n.s.,n.s.,n.s.,n.s.,n.s.,n.s.
  Other Western Hemisphere,4208,-5324,2297,4723,2594,2294,900,4384,-4400,15507,7991,9839,5881,4577,-5861,-5249,9642,2769,8226,6897,10599,13937,-770,12801,11748,10782,28601,-5587,36411,35844,-11438,11632
    Bahamas,1573,-2533,1295,678,149,235,664,-50,-47,-191,-51,-44,-346,-70,59,-598,150,94,-473,450,-456,-72,8,23,183,-128,-460,179,349,541,45,153
    Bermuda,741,28,-378,-16,378,501,-144,2750,-161,10338,2965,-6467,-91,-3470,-597,-5380,7047,-4839,4522,1084,5371,-1473,-4521,3516,-1962,-933,23222,-17225,31970,20072,4114,4690
    Curacao[2],n.s.,n.s.,n.s.,n.s.,n.s.,n.s.,n.s.,n.s.,n.s.,n.s.,n.s.,n.s.,n.s.,n.s.,n.s.,n.s.,n.s.,n.s.,--,--,--,243,464,76,-84,143,-158,-101,27,-135,52,-65
    Netherlands Antilles[3],4456,-3883,1121,-686,1190,-985,-1242,-2318,-2502,-89,911,468,-97,-330,-578,1723,-919,2333,1338,169,792,--,--,--,--,--,--,0,0,0,n.s.,n.s.
"    United Kingdom Islands, Caribbean[4]",-2552,1522,36,4882,1378,2444,1841,3636,-1469,4137,3800,12961,2094,3757,-3936,-42,3845,8302,3674,2481,5627,14859,3474,10124,13507,11574,3082,7541,5102,13387,-15447,6172
    Other,-10,-459,223,-135,-502,99,-219,365,-221,1312,366,2921,4320,4690,-810,-953,-480,-3121,-836,2714,-735,378,-195,-937,104,126,2915,4019,-1037,1978,-203,682
      Anguilla,0,0,0,0,0,0,0,(*),(*),(*),(*),0,0,0,n.s.,n.s.,n.s.,0,0,(D),-4,(D),1,5,(D),(D),(D),6,5,3,2,1
      Antigua and Barbuda,0,0,1,-1,-1,-2,-1,-3,-1,-1,(*),(*),(*),(*),(*),(*),(*),(*),(*),(*),(*),(*),1,(D),-2,(*),1,-1,(*),(*),(*),(*)
      Aruba,0,(D),2,(D),8,1,8,-7,(*),-3,3,(*),(D),(*),(*),-1,1,-1,(D),(D),-2,-2,3,1,(D),-1,-1,5,-1,-4,1,-1
      Bahamas,n.s.,n.s.,n.s.,n.s.,n.s.,n.s.,n.s.,n.s.,n.s.,n.s.,n.s.,n.s.,n.s.,n.s.,n.s.,n.s.,n.s.,n.s.,n.s.,n.s.,n.s.,n.s.,n.s.,n.s.,n.s.,n.s.,n.s.,n.s.,n.s.,n.s.,n.s.,n.s.
      Barbados,103,-34,213,194,-532,178,-247,395,-302,1284,290,3075,4169,4699,-861,-992,-354,-3135,-855,2731,-764,337,-80,-1128,-30,195,3048,(D),-1075,1905,-80,139
      Cuba,0,0,0,0,-3,(D),(D),0,(D),0,0,0,(D),3,(*),-2,-3,4,3,(*),-2,(D),(*),(D),(D),(*),(*),(*),(*),(*),(*),(*)
      Dominica,0,0,0,0,0,0,0,0,(*),(*),0,0,0,0,n.s.,n.s.,n.s.,n.s.,0,0,0,(*),(*),(*),(D),-1,(*),(*),(*),(*),0,0
      Dominican Republic,0,0,(*),(D),(D),(D),(D),2,2,-3,61,-28,16,-41,-10,22,-126,-47,30,68,-76,-29,2,-72,-5,-3,8,231,-115,49,-47,(D)
"      French Islands, Caribbean",(*),(*),1,1,1,1,1,0,0,1,1,-3,(D),5,-4,0,0,-7,(*),-1,1,-3,-1,(D),(D),(*),(*),(*),(*),(D),(D),(D)
      Grenada,(D),(D),(*),(*),(*),(*),(*),(*),5,(*),(*),(*),(D),(*),(*),0,(*),(*),(*),(*),(*),(*),1,(*),(*),0,0,(D),(D),(D),(D),(D)
      Haiti,0,0,(*),-1,(*),1,1,(*),1,-1,(*),(*),1,(*),(*),(*),(*),(*),(*),0,0,0,0,(D),(D),(*),(D),-1,(*),(*),1,1
      Jamaica,(D),(D),7,(D),(D),(D),2,-4,(*),-4,2,(D),(D),1,-10,10,-6,12,-2,-1,4,9,-8,-4,3,-3,(*),-2,48,6,5,3
"      Netherlands Islands, Caribbean[2]",n.s.,n.s.,n.s.,n.s.,n.s.,n.s.,n.s.,n.s.,n.s.,n.s.,n.s.,n.s.,n.s.,n.s.,n.s.,n.s.,n.s.,n.s.,--,--,--,-1,-88,367,31,(D),(D),-14,(D),(*),(D),(D)
      Sint Maarten[2],n.s.,n.s.,n.s.,n.s.,n.s.,n.s.,n.s.,n.s.,n.s.,n.s.,n.s.,n.s.,n.s.,n.s.,n.s.,n.s.,n.s.,n.s.,--,--,--,0,0,0,0,0,0,(*),(*),(*),(*),(*)
      St. Kitts and Nevis,0,0,(*),-1,-1,-2,-2,n.s.,n.s.,n.s.,n.s.,n.s.,n.s.,n.s.,n.s.,n.s.,0,0,0,0,(*),-1,(*),(D),(D),(*),-4,(D),(D),(D),(D),(D)
      St. Lucia,0,0,0,0,0,0,0,0,(*),(*),0,-1,1,0,(*),(*),(*),1,-1,(*),1,1,-1,0,(*),(*),0,(D),(D),(*),(D),1
      St. Pierre and Miquelon,n.s.,n.s.,n.s.,n.s.,n.s.,n.s.,n.s.,n.s.,n.s.,n.s.,n.s.,n.s.,n.s.,n.s.,n.s.,n.s.,n.s.,n.s.,0,0,0,0,0,0,0,0,0,(*),(*),(*),(*),(*)
      St. Vincent and the Grenadines,0,0,0,0,0,0,0,-1,-1,(*),(*),(*),(*),(*),(*),(*),-1,(*),(*),-2,1,(*),(*),0,0,(*),(*),2,-2,1,(*),(*)
      Trinidad and Tobago,1,(*),(*),1,1,(*),(D),-18,(D),(D),9,(D),(D),22,76,8,11,56,-19,-55,106,63,-28,-129,109,-55,-65,29,45,-12,-25,213
"      United Kingdom Islands, Atlantic (OWH)",0,0,0,0,0,0,0,0,(D),(D),0,0,0,1,-1,3,-3,-5,(D),(*),(*),(*),2,(D),1,-1,-26,(D),24,-10,-6,15
Africa,-8,223,36,61,44,-117,-101,443,-601,423,666,-308,-9,-34,-605,323,255,-103,958,-672,1085,1988,-72,207,825,1853,-48,939,223,3943,434,767
  South Africa,-16,-87,1,15,-9,1,-27,-13,148,113,216,-104,-71,-44,-100,-226,131,-325,438,-217,126,261,-147,234,421,1893,88,569,12,-171,538,515
  Other,8,309,35,46,53,-119,-74,457,-749,311,450,-204,62,9,-505,549,124,222,521,-455,959,1726,75,-27,404,-40,-136,370,211,4114,-104,251
    Algeria,0,0,0,0,0,0,0,(D),1,-1,(D),(D),(D),(*),(D),(D),-4,-3,6,-2,-1,6,-5,(D),(D),(D),-3,(D),(D),(*),3,(*)
    Angola,0,0,0,2,-2,-1,-1,-1,2,-1,-4,-3,(D),1,(D),-13,41,-69,77,-20,17,-1,177,-3,-71,118,28,60,(D),(D),-25,13
    Benin,n.s.,n.s.,n.s.,n.s.,n.s.,n.s.,n.s.,0,0,0,0,0,-1,1,0,0,0,-2,4,-2,0,0,0,0,0,0,0,(*),(*),(*),(*),(*)
    Botswana,0,0,-1,1,0,0,0,n.s.,n.s.,n.s.,n.s.,n.s.,n.s.,n.s.,n.s.,n.s.,n.s.,0,0,(*),(*),(*),(*),(*),-1,0,1,(*),0,0,0,0
    Burkina Faso,n.s.,n.s.,n.s.,n.s.,n.s.,n.s.,n.s.,n.s.,n.s.,n.s.,n.s.,n.s.,n.s.,n.s.,n.s.,n.s.,n.s.,0,0,0,1,(*),(*),0,0,0,-1,(*),(*),1,0,0
    Burundi,n.s.,n.s.,n.s.,n.s.,n.s.,n.s.,n.s.,n.s.,n.s.,n.s.,n.s.,n.s.,n.s.,n.s.,n.s.,n.s.,n.s.,n.s.,0,0,0,0,0,0,0,0,0,0,0,0,0,0
    Cabo Verde,n.s.,n.s.,n.s.,n.s.,n.s.,n.s.,n.s.,n.s.,n.s.,n.s.,n.s.,n.s.,n.s.,n.s.,n.s.,n.s.,n.s.,n.s.,0,0,0,0,0,0,0,0,0,-2,0,0,0,0
    Cameroon,(*),-1,1,0,0,0,0,0,(*),(*),0,0,0,0,(*),1,(*),0,-5,3,2,(*),-7,(D),(D),(D),(D),2,(*),0,(*),0
    Central African Republic,n.s.,n.s.,n.s.,n.s.,n.s.,n.s.,n.s.,n.s.,n.s.,n.s.,n.s.,n.s.,n.s.,n.s.,n.s.,n.s.,n.s.,n.s.,0,0,0,0,0,0,0,(*),(*),(*),(*),0,0,0
    Chad,n.s.,n.s.,n.s.,n.s.,n.s.,n.s.,n.s.,n.s.,n.s.,n.s.,n.s.,n.s.,n.s.,n.s.,n.s.,n.s.,n.s.,0,(*),(*),(*),0,(*),-1,-2,4,1,1,-1,0,0,0
    Comoros,n.s.,n.s.,n.s.,n.s.,n.s.,n.s.,n.s.,n.s.,n.s.,n.s.,n.s.,n.s.,n.s.,n.s.,n.s.,n.s.,n.s.,n.s.,0,0,0,0,0,0,0,0,0,0,0,0,0,0
    Cape Verde,0,0,0,0,1,-1,0,n.s.,n.s.,n.s.,n.s.,n.s.,n.s.,n.s.,n.s.,n.s.,n.s.,n.s.,n.s.,n.s.,n.s.,n.s.,n.s.,n.s.,n.s.,n.s.,n.s.,n.s.,n.s.,n.s.,n.s.,n.s.
    Congo (Brazzaville),0,0,0,0,0,0,0,0,(*),-1,-1,-1,1,0,-5,1,0,2,1,-3,4,18,(D),(D),-10,1,3,(*),(D),(D),0,0
    Congo (Kinshasa),(D),(D),0,0,0,0,0,(*),(*),(*),(*),(*),0,0,n.s.,n.s.,n.s.,n.s.,0,0,0,0,(D),(D),0,2,-2,(*),(D),(D),(*),(*)
    Cote D'Ivoire,(*),0,0,(*),0,2,-2,0,0,0,0,0,-1,-1,-27,(D),78,-84,(D),1,1,-4,2,-5,3,(D),(D),1,0,(*),(*),-1
    Djibouti,n.s.,n.s.,n.s.,n.s.,n.s.,n.s.,n.s.,n.s.,n.s.,n.s.,n.s.,n.s.,n.s.,n.s.,n.s.,n.s.,n.s.,n.s.,0,0,0,0,0,0,0,0,0,0,0,0,0,0
    Egypt,9,-4,1,-4,-59,-7,-1,-1,-19,3,-17,16,-16,-18,-7,25,-112,96,-33,-3,-45,23,-11,(D),(*),8,-39,75,-41,40,5,89
    Equatorial Guinea,0,0,0,0,0,0,0,(*),(*),(*),-3,(D),-9,-12,25,2,(D),-7,-4,(D),(D),10,-11,(D),(D),7,(D),(D),(D),(D),3,(*)
    Eritrea,n.s.,n.s.,n.s.,n.s.,n.s.,n.s.,n.s.,n.s.,n.s.,n.s.,n.s.,n.s.,n.s.,n.s.,n.s.,n.s.,n.s.,n.s.,0,0,0,0,0,0,0,0,0,0,0,0,0,0
    Eswatini,(*),(*),0,0,0,0,0,0,0,0,0,0,0,0,-3,1,2,n.s.,0,0,0,0,(*),2,-7,0,0,4,-1,-1,(*),(*)
    Ethiopia,0,0,0,1,-1,0,0,n.s.,n.s.,n.s.,n.s.,n.s.,n.s.,n.s.,n.s.,n.s.,n.s.,0,-1,(*),0,0,-1,(*),1,-1,(*),5,(D),1,2,2
    Gabon,-20,19,-1,1,0,-1,-1,2,-2,2,-1,1,1,-1,3,-1,(*),1,-4,-1,-4,-1,-6,(D),(D),(D),(D),(D),(D),(*),0,(*)
    Gambia,n.s.,n.s.,n.s.,n.s.,n.s.,n.s.,n.s.,n.s.,n.s.,n.s.,n.s.,n.s.,n.s.,n.s.,n.s.,n.s.,n.s.,n.s.,0,0,0,0,0,0,0,0,0,0,0,0,0,0
    Ghana,0,0,0,0,0,0,0,0,0,-1,(*),(*),-3,3,-1,0,-2,4,-8,7,-1,(D),-1,-41,8,-70,56,2,-1,1,3,-5
    Guinea,0,0,0,(D),(D),(D),2,(D),(D),4,(D),5,(D),(D),26,38,(D),(D),(D),-1,2,(D),(D),(D),(D),(D),(D),(D),(D),(D),(D),(D)
    Guinea-Bissau,0,0,0,0,0,0,0,n.s.,n.s.,n.s.,n.s.,n.a.,n.s.,n.s.,n.s.,n.s.,n.s.,n.s.,0,0,0,0,0,0,0,0,0,0,0,0,0,0
    Kenya,(*),-1,-2,2,(*),(*),-1,(*),(*),(*),1,-1,1,0,0,(*),(*),(*),(*),-3,-3,(D),-2,(D),24,-1,(D),-7,(D),-13,-13,25
    Lesotho,n.s.,n.s.,n.s.,n.s.,n.s.,n.s.,n.s.,n.s.,n.s.,n.s.,n.s.,n.s.,n.s.,n.s.,n.s.,n.s.,n.s.,n.s.,0,0,0,(*),(*),0,0,0,0,(D),(D),-5,-3,-2
    Liberia,13,348,50,57,85,-96,-71,474,-753,299,550,-312,87,74,152,-78,61,137,54,-108,95,-21,-88,-13,5,-11,(D),-14,36,4,-45,5
    Libya,n.s.,n.s.,n.s.,n.s.,n.s.,n.s.,n.s.,n.s.,n.s.,n.s.,n.s.,n.s.,n.s.,n.s.,0,0,-1,1,-2,-1,(*),1,(D),(D),(D),(D),(D),(D),(D),0,0,0
    Madagascar,0,0,0,0,0,0,0,-1,(*),(*),(*),2,0,0,n.s.,n.s.,n.s.,n.s.,0,0,0,-1,1,0,0,0,0,-1,1,(*),(*),(*)
    Malawi,(*),1,-1,1,0,0,0,n.s.,n.s.,n.s.,n.s.,n.s.,n.s.,n.s.,n.s.,n.s.,n.s.,0,-1,0,1,0,(*),(*),(*),(*),(*),0,0,0,0,0
    Mali,n.s.,n.s.,n.s.,n.s.,n.s.,n.s.,n.s.,n.s.,n.s.,n.s.,n.s.,n.s.,n.s.,n.s.,n.s.,n.s.,0,-1,1,(*),0,0,-1,-1,-1,1,-1,1,1,1,0,0
    Mauritania,n.s.,n.s.,n.s.,n.s.,n.s.,n.s.,n.s.,0,0,0,0,0,0,-1,4,2,0,-5,(*),(*),(*),0,0,-1,1,(*),(*),(*),0,0,0,0
    Mauritius,0,0,0,0,0,0,0,0,0,0,(D),87,(D),(D),1,-16,(*),129,297,-190,(D),(D),16,114,322,-318,-65,149,102,(D),-116,410
    Morocco,-4,-2,-13,-4,7,-6,-4,-5,-3,-1,-1,(*),(*),9,-9,(*),(*),(*),(*),-1,-1,-2,-2,(D),-5,(D),(D),-7,-3,(*),-1,-1
    Mozambique,n.s.,n.s.,n.s.,n.s.,n.s.,n.s.,n.s.,n.s.,n.s.,n.s.,n.s.,n.s.,n.s.,n.s.,n.s.,0,0,-1,(*),(*),1,2,-1,-2,1,(*),(*),2,-3,1,(*),(*)
    Namibia,0,0,0,1,-1,0,2,1,1,(*),-4,0,0,0,n.s.,n.s.,n.s.,n.s.,0,0,0,0,0,-9,(D),(D),-2,(*),2,-2,0,0
    Niger,n.s.,n.s.,n.s.,n.s.,n.s.,n.s.,n.s.,n.s.,n.s.,n.s.,n.s.,n.s.,n.s.,n.s.,n.s.,0,0,-2,2,0,0,0,(*),(*),(*),(*),(*),0,0,(*),(*),0
    Nigeria,-17,16,(*),(D),(D),(D),4,(D),(D),7,5,(D),(*),21,(D),-4,25,21,87,(D),(D),-12,-15,-23,13,5,23,8,30,25,26,-18
    Rwanda,n.s.,n.s.,n.s.,n.s.,n.s.,n.s.,n.s.,n.s.,n.s.,n.s.,n.s.,n.s.,n.s.,n.s.,n.s.,n.s.,n.s.,n.s.,0,0,0,0,0,0,0,0,0,0,0,0,0,0
    Sao Tome and Principe,n.s.,n.s.,n.s.,n.s.,n.s.,n.s.,n.s.,n.s.,n.s.,n.s.,n.s.,n.s.,n.s.,n.s.,n.s.,n.s.,n.s.,n.s.,0,0,0,0,0,0,0,0,0,0,0,0,0,0
    Senegal,0,0,0,0,0,0,0,(*),(*),(*),(*),(*),0,0,n.s.,n.s.,n.s.,0,(D),(D),0,0,0,0,(*),(*),-2,(D),(D),(D),(D),-5
    Seychelles,n.s.,n.s.,n.s.,n.s.,n.s.,n.s.,n.s.,n.s.,n.s.,n.s.,n.s.,n.s.,n.s.,n.s.,n.s.,n.s.,0,(*),(*),(*),(*),(*),0,(*),(*),(*),(*),(*),(*),(*),(*),(*)
    Sierra Leone,n.s.,n.s.,n.s.,n.s.,n.s.,n.s.,n.s.,n.s.,n.s.,n.s.,n.s.,n.s.,n.s.,n.s.,n.s.,n.s.,n.s.,n.s.,0,0,0,(*),5,(*),(*),(*),0,(*),(*),(*),(*),(*)
    Somalia,n.s.,n.s.,n.s.,n.s.,n.s.,n.s.,n.s.,n.s.,n.s.,n.s.,n.s.,n.s.,n.s.,n.s.,n.s.,n.s.,n.s.,n.s.,0,0,0,0,(*),(*),(*),(*),(*),(*),(*),(*),(*),(*)
    South Sudan,n.s.,n.s.,n.s.,n.s.,n.s.,n.s.,n.s.,n.s.,n.s.,n.s.,n.s.,n.s.,n.s.,n.s.,n.s.,n.s.,n.s.,n.s.,--,--,--,0,0,0,0,(*),(*),0,0,0,0,0
    Sudan[5],(D),(D),0,0,0,0,0,n.s.,n.s.,n.s.,n.s.,n.s.,n.s.,n.s.,n.s.,n.s.,n.s.,n.s.,0,0,0,0,(*),(*),(*),(*),(*),0,0,0,0,0
    Tanzania,(*),(*),0,0,0,0,0,0,0,0,(*),(*),(*),(*),0,(*),0,(*),(*),(*),-1,1,(*),-7,5,(D),(D),1,1,(*),-3,-2
    Togo,n.s.,n.s.,n.s.,n.s.,n.s.,n.s.,n.s.,n.s.,n.s.,n.s.,n.s.,n.s.,n.s.,n.s.,n.s.,n.s.,n.s.,n.s.,0,0,0,0,0,0,0,0,0,0,0,0,0,0
    Tunisia,0,0,0,0,0,0,0,-4,4,(*),1,0,-1,-4,4,0,-1,(D),-1,(*),-4,1,(D),-5,-4,1,-1,30,33,11,9,2
    Uganda,(*),(*),(*),(*),(*),(*),(*),(*),(*),(*),(*),(*),(*),(*),(*),(*),(*),0,(*),(*),0,0,0,-1,(*),(*),(*),(*),(*),0,0,(*)
"    United Kingdom Islands, Atlantic (Africa)",(*),(D),0,0,0,0,0,0,0,0,0,0,0,0,n.s.,n.s.,n.s.,n.s.,0,0,0,(*),(*),(D),(D),0,0,(*),(*),(D),(D),(D)
    Western Sahara,n.s.,n.s.,n.s.,n.s.,n.s.,n.s.,n.s.,n.s.,n.s.,n.s.,n.s.,n.s.,n.s.,n.s.,n.s.,n.s.,n.s.,n.s.,0,0,0,0,0,0,0,0,0,0,0,0,0,0
    Zambia,0,0,0,0,0,0,0,0,0,0,-1,(*),(*),(*),(*),(*),(*),-2,2,1,-1,-3,(D),0,(D),(D),-4,(D),(*),5,(*),-1
    Zimbabwe,(*),(*),0,0,0,0,-3,3,0,0,-2,2,0,0,n.s.,n.s.,n.s.,n.s.,0,0,0,0,1,-1,0,0,0,(*),-3,3,(*),(*)
Middle East,-613,599,337,495,251,-360,496,735,-762,376,2389,-401,1138,393,713,1799,2504,5430,3455,1366,-1747,8429,-681,1222,-1548,1448,639,5030,4936,3298,1437,1110
  Israel,5,613,102,498,199,-46,10,351,485,367,776,-86,636,184,593,234,(D),(D),2016,1166,273,6202,-658,575,-1198,952,90,112,1631,596,1827,633
  Kuwait,49,214,187,60,53,72,308,247,(D),(D),46,38,51,(D),121,(D),313,-115,-538,-12,-9,1018,-29,274,61,41,17,-10,158,-138,8,18
  Lebanon,-7,-6,-3,-2,-2,-2,-2,(*),-2,(*),2,(*),(*),(*),(*),-6,-1,(D),-1,(D),(D),(D),2,3,9,5,-2,-14,-6,-5,-2,-3
  Saudi Arabia,-613,-198,5,-53,81,(D),187,147,(D),(D),(D),-355,(D),(D),29,(D),(D),(D),-224,(D),-495,(D),(D),608,-1189,474,716,190,592,-481,(D),(D)
  United Arab Emirates,-13,1,3,7,-42,1,-11,-11,-32,-28,51,-19,6,4,-23,(D),1064,(D),1617,151,-1669,630,-196,-547,639,129,-432,4265,3450,3027,-107,807
  Other,-33,-24,42,-14,-39,(D),4,(*),5,12,(D),21,(D),-21,-8,-19,-13,582,587,151,(D),-323,(D),309,129,-154,250,488,-889,299,(D),(D)
    Bahrain,-21,-8,(D),(D),-21,(D),-11,(D),(D),(D),(D),(D),149,(D),-12,(D),-47,-16,25,-18,(D),(D),143,339,19,-24,9,57,-58,-48,75,-45
    Iran,(D),(D),(*),(*),(*),-1,-7,(*),(*),(*),(*),(*),(*),(*),(*),(*),(*),0,(*),(*),(*),(*),(*),-2,2,-3,(*),(*),(*),(*),(*),(*)
    Iraq,0,0,0,0,(*),(*),0,0,0,0,0,0,0,1,-1,0,-4,4,2,(*),-1,(D),(D),-44,(D),-3,(D),(D),(D),(*),0,(*)
    Iraq-Saudi Arabia Neutral Zone,0,0,n.s.,n.s.,...,...,...,n.s.,n.s.,n.s.,n.s.,n.s.,n.s.,n.s.,n.s.,n.s.,n.s.,n.s.,n.s.,n.s.,n.s.,n.s.,n.s.,n.s.,n.s.,n.s.,n.s.,n.s.,n.s.,n.s.,n.s.,n.s.
    Jordan,-9,-15,1,17,(D),5,(D),2,2,-10,8,11,(D),(D),(D),(D),(D),2,2,-5,-7,(D),(D),(D),28,(D),-18,(D),(D),(D),(D),-3
    Kuwait,n.s.,n.s.,n.s.,n.s.,n.s.,n.s.,n.s.,n.s.,n.s.,n.s.,n.s.,n.s.,n.s.,n.s.,n.s.,n.s.,n.s.,n.s.,n.s.,n.s.,n.s.,n.s.,n.s.,n.s.,n.s.,n.s.,n.s.,n.s.,n.s.,n.s.,n.s.,n.s.
    Lebanon,n.s.,n.s.,n.s.,n.s.,n.s.,n.s.,n.s.,n.s.,n.s.,n.s.,n.s.,n.s.,n.s.,n.s.,n.s.,n.s.,n.s.,n.s.,n.s.,n.s.,n.s.,n.s.,n.s.,n.s.,n.s.,n.s.,n.s.,n.s.,n.s.,n.s.,n.s.,n.s.
    Oman,-1,-2,-2,-3,5,1,1,1,-5,-3,-2,(D),(D),-1,1,(*),-1,-2,-4,-1,(*),1,-15,-33,7,12,10,13,(D),(D),-14,(D)
    Qatar,(D),(D),(D),(D),(D),2,1,15,13,-1,2,-1,(D),-2,5,44,(*),595,564,174,(D),19,-45,(D),(D),(D),178,261,(D),(D),(D),-88
    Saudi Arabia,n.s.,n.s.,n.s.,n.s.,n.s.,n.s.,n.s.,n.s.,n.s.,n.s.,n.s.,n.s.,n.s.,n.s.,n.s.,n.s.,n.s.,n.s.,n.s.,n.s.,n.s.,n.s.,n.s.,n.s.,n.s.,n.s.,n.s.,n.s.,n.s.,n.s.,n.s.,n.s.
    Syria,0,0,(*),1,(*),(*),(D),(D),(D),(D),(*),(*),(*),0,0,n.s.,0,0,(*),(*),(*),0,(*),(*),(*),(*),0,0,0,0,0,0
    United Arab Emirates,n.s.,n.s.,n.s.,n.s.,n.s.,n.s.,n.s.,n.s.,n.s.,n.s.,n.s.,n.s.,n.s.,n.s.,n.s.,n.s.,n.s.,n.s.,n.s.,n.s.,n.s.,n.s.,n.s.,n.s.,n.s.,n.s.,n.s.,n.s.,n.s.,n.s.,n.s.,n.s.
    Yemen,0,0,0,0,0,0,0,0,3,-5,-7,(D),(D),(D),(D),-2,(D),-1,-2,3,1,-1,(*),(D),(*),2,(D),(D),0,0,0,0
Asia and Pacific,20474,14352,4399,3472,7499,11854,17493,13383,9295,15876,19912,2104,13008,13755,24769,13056,25225,39721,42005,5482,26875,50832,26330,54473,71582,55117,61174,62359,27783,54262,41877,58551
  Australia,1279,-276,-282,312,960,2003,5321,666,1506,4193,4935,6490,6594,3422,3099,-5253,2174,5961,4574,-3850,4047,21163,-7122,-4805,1098,10587,5660,-1680,119,7587,7651,6652
  China,n.s.,n.s.,n.s.,n.s.,n.s.,n.s.,n.s.,41,77,39,-6,247,-120,-62,150,146,315,8,500,500,1037,1105,3419,1920,2201,5127,18004,2211,320,3618,-1809,813
  Hong Kong,259,50,135,152,404,-134,57,77,145,-256,669,57,711,-41,1880,838,97,370,444,-10,271,236,1020,1745,4731,682,1720,786,3309,429,-723,329
  India,n.s.,n.s.,n.s.,n.s.,n.s.,n.s.,n.s.,53,(*),-13,7,162,-16,125,277,868,443,731,1231,490,1289,1241,367,-22,1287,298,-544,894,-1072,-217,-299,1023
  Japan,18754,12782,4245,2949,5486,8118,13337,10187,8024,11555,7820,-3132,6500,8544,17489,14200,16466,21134,22321,6544,15805,17077,22114,46413,44891,32997,33732,45520,20817,35292,26804,39078
  Malaysia,19,-9,26,187,154,-49,82,75,-200,-76,300,86,-37,-49,17,96,28,37,22,-39,-112,475,-307,-28,235,118,-172,499,448,-224,228,68
  New Zealand,56,-29,9,32,40,-32,4,60,85,135,-11,72,115,104,182,-134,-131,423,470,230,77,1325,-475,-21,66,-317,-233,79,345,244,540,60
  Philippines,-5,-27,10,-5,27,-4,11,n.s.,n.s.,n.s.,n.s.,n.s.,n.s.,n.s.,n.s.,n.s.,n.s.,n.s.,n.s.,n.s.,n.s.,n.s.,n.s.,n.s.,n.s.,n.s.,n.s.,n.s.,n.s.,n.s.,n.s.,n.s.
  Singapore,370,-350,-268,-336,115,232,-410,1363,-809,-560,5911,-1451,-484,1096,348,798,2217,5892,10471,1328,1496,2862,544,562,3911,2660,491,816,477,2781,1182,1822
  South Korea,-698,1848,203,-199,58,915,-760,184,110,960,438,24,-280,386,1143,1039,3283,4751,1440,236,2245,4798,6185,6601,9024,1302,3699,13332,1787,4208,5036,9398
  Taiwan,356,329,197,354,114,619,-2,514,516,-217,64,-503,17,136,234,374,149,269,537,-405,726,284,315,1086,1387,760,668,843,1876,455,3482,-639
  Other,84,32,124,26,141,187,-148,164,-158,117,-216,54,8,93,-50,84,184,143,-5,458,-6,265,269,1022,2750,905,-1850,-943,-644,90,-215,-52
    Afghanistan,(D),(D),(*),(*),(*),(*),(*),(*),(*),-1,1,(*),(*),(*),(*),(*),(*),0,1,2,2,(D),(D),(*),(*),1,-2,(D),-1,-2,(*),(*)
    Bangladesh,0,2,-1,0,0,0,-1,-1,(*),(*),-1,2,(*),(*),(*),(*),1,(*),1,1,1,1,1,(D),(D),(D),(*),13,-1,(*),2,3
    Bhutan,(*),0,0,0,0,1,-1,0,0,(*),(*),0,(D),0,0,n.s.,0,n.s.,0,0,0,0,0,0,0,0,0,0,0,0,0,0
    Brunei,(D),(D),0,0,0,0,0,(D),-1,(*),-3,-3,(D),-1,1,(*),(*),-3,(*),3,-2,(D),(D),(D),(D),(D),(*),5,12,(D),(D),(D)
    Burma,0,(*),(*),0,0,0,0,0,0,(*),(*),0,0,0,-1,(*),1,(*),(*),(*),-1,(*),(*),1,(D),2,(D),-8,-2,-4,-3,-4
    Cambodia,-1,-1,0,0,(*),(*),0,-1,2,0,(*),(*),0,0,n.s.,n.s.,n.s.,0,0,-1,(*),(*),(*),(D),(D),(D),(*),5,(*),(*),2,4
    East Timor,n.s.,n.s.,n.s.,n.s.,n.s.,n.s.,n.s.,n.s.,n.s.,n.s.,n.s.,n.s.,n.s.,n.s.,n.s.,n.s.,n.s.,0,n.s.,n.s.,n.s.,n.s.,n.s.,n.s.,n.s.,n.s.,n.s.,n.s.,n.s.,n.s.,n.s.,n.s.
    China,37,11,-8,-49,170,79,-129,n.s.,n.s.,n.s.,n.s.,n.s.,n.s.,n.s.,n.s.,n.s.,n.s.,n.s.,n.s.,n.s.,n.s.,n.s.,n.s.,n.s.,n.s.,n.s.,n.s.,n.s.,n.s.,n.s.,n.s.,n.s.
    Fiji,n.s.,n.s.,n.s.,n.s.,n.s.,n.s.,n.s.,0,0,0,0,0,(*),(*),0,1,-1,n.s.,0,0,0,0,0,0,0,0,0,0,(D),1,0,0
"    French Islands, Indian Ocean",0,0,0,0,0,0,0,0,-1,(D),(D),(*),1,0,0,0,0,1,0,0,0,0,0,0,0,0,0,0,0,0,0,0
"    French Islands, Pacific",0,0,0,0,(*),1,-1,(*),(*),(*),(*),(*),-1,1,0,n.s.,2,n.s.,(*),(D),(D),4,(D),1,3,0,0,(*),(D),(*),(*),(*)
    India,3,-5,18,13,6,26,1,n.s.,n.s.,n.s.,n.s.,n.s.,n.s.,n.s.,n.s.,n.s.,n.s.,n.s.,n.s.,n.s.,n.s.,n.s.,n.s.,n.s.,n.s.,n.s.,n.s.,n.s.,n.s.,n.s.,n.s.,n.s.
    Indonesia,-13,16,81,7,11,63,-4,50,2,-102,-85,35,-6,19,-9,16,(D),33,-18,160,-134,125,-117,1170,339,173,-1059,-233,32,70,51,35
    Kiribati,n.s.,n.s.,n.s.,n.s.,n.s.,n.s.,n.s.,n.s.,n.s.,n.s.,n.s.,n.s.,n.s.,n.s.,n.s.,n.s.,n.s.,n.s.,0,0,0,0,0,0,0,0,0,0,0,0,0,0
    Laos,0,0,(*),(*),(*),(*),(*),(*),(*),(*),(*),(*),(*),(*),(*),(*),(*),0,0,1,-1,0,0,0,0,0,0,0,0,0,0,0
    Macau,0,0,(*),(*),(*),(*),(*),(*),(*),(*),(*),(*),(*),(D),21,(D),-63,2,(D),(D),-2,(D),(D),-361,-144,16,-120,(*),(D),127,(D),(D)
    Maldives,n.s.,n.s.,n.s.,n.s.,n.s.,n.s.,n.s.,n.s.,n.s.,n.s.,n.s.,n.s.,n.s.,n.s.,n.s.,n.s.,(*),(*),0,0,0,0,0,0,0,0,0,0,0,0,0,0
    Marshall Islands,0,0,0,0,0,0,0,0,0,0,2,1,(D),(D),(D),(D),(D),(*),(D),(D),1,3,(D),(D),(D),9,21,30,-8,(D),(D),(D)
    Micronesia,n.s.,n.s.,n.s.,n.s.,n.s.,n.s.,n.s.,n.s.,n.s.,n.s.,n.s.,n.s.,n.s.,n.s.,n.s.,n.s.,n.s.,n.s.,0,0,0,0,0,0,0,0,0,0,0,0,0,0
    Mongolia,0,0,0,0,0,0,0,0,0,(*),(*),-1,-1,1,(*),(*),-1,1,-2,-1,(*),-2,(D),(D),(*),1,-1,(D),(D),1,1,-1
    Nauru,4,3,0,0,0,0,0,n.s.,n.s.,n.s.,n.s.,n.s.,n.s.,n.s.,n.s.,n.s.,n.s.,n.s.,0,0,0,0,0,0,0,0,0,0,0,0,0,0
    Nepal,n.s.,n.s.,n.s.,n.s.,n.s.,n.s.,n.s.,n.s.,n.s.,n.s.,n.s.,n.s.,n.s.,n.s.,n.s.,n.s.,n.s.,n.s.,0,0,0,0,0,0,0,0,0,1,(D),(D),-3,-2
    North Korea,n.s.,n.s.,n.s.,n.s.,n.s.,n.s.,n.s.,0,0,0,0,0,(D),0,0,n.s.,0,0,(*),(*),(*),0,0,-1,1,0,0,0,0,0,0,0
    Pakistan,(*),7,-8,(*),4,8,-11,-4,-10,-5,-5,(D),(D),(D),(D),4,3,6,4,3,14,4,-11,(D),105,38,103,241,-53,-15,-13,-24
    Palau,-1,1,0,0,0,0,0,0,0,0,-1,1,0,0,n.s.,n.s.,n.s.,n.s.,0,0,0,0,0,0,0,0,0,0,0,0,0,0
    Papua New Guinea,0,0,0,0,0,0,0,78,-78,(*),1,-2,-1,(*),2,(*),(*),(*),(*),(*),(*),(*),(*),-5,2,2,(*),-1,(*),(*),(*),(*)
    Philippines,n.s.,n.s.,n.s.,n.s.,n.s.,n.s.,n.s.,8,11,13,-49,-21,17,-19,-5,-17,54,30,-65,70,-28,11,100,(D),768,145,-435,-87,-329,116,-13,38
    Samoa,0,0,0,0,0,0,(*),(*),(*),(*),(*),0,0,0,n.s.,n.s.,0,(*),(*),(D),(D),(D),(D),(D),(D),(D),(D),(D),(D),(D),(D),(D)
    Solomon Islands,n.s.,n.s.,n.s.,n.s.,n.s.,n.s.,n.s.,n.s.,n.s.,n.s.,n.s.,n.s.,n.s.,n.s.,n.s.,n.s.,0,(*),(*),0,0,0,0,0,0,0,0,0,0,0,0,0
    Sri Lanka,-1,(*),1,-1,(*),-2,-1,1,2,-1,3,6,(D),1,3,-5,1,(*),6,-4,(*),5,3,26,-1,2,9,-27,13,-40,-2,8
    Thailand,55,-5,42,60,-48,12,(*),8,-81,133,-75,8,-9,51,-87,-1,136,69,-147,11,-43,-32,245,79,572,469,711,-713,-298,-240,-104,-103
    Timor-Leste,n.s.,n.s.,n.s.,n.s.,n.s.,n.s.,n.s.,n.s.,n.s.,n.s.,n.s.,n.s.,n.s.,n.s.,n.s.,n.s.,n.s.,n.s.,0,0,-2,(*),2,0,-4,0,0,4,0,0,0,0
    Tonga,0,0,(*),(*),0,0,0,n.s.,n.s.,n.s.,n.s.,n.s.,n.s.,n.s.,n.s.,n.s.,n.s.,n.s.,0,0,0,0,0,0,0,0,0,0,0,0,0,0
    Tuvalu,0,0,0,0,0,0,0,0,0,0,(*),(*),0,0,n.s.,n.s.,n.s.,0,0,0,(*),0,0,0,0,0,0,0,0,0,0,0
"    United Kingdom Islands, Indian Ocean",0,1,1,-1,1,0,0,0,0,0,0,0,0,0,0,0,0,n.s.,0,0,0,0,0,0,0,(*),(*),0,-1,1,0,0
"    United Kingdom Islands, Pacific",0,0,-4,-3,-2,-2,-2,0,0,0,0,0,-2,-1,(*),(*),(*),-2,-1,(*),-1,(*),-6,-1,-5,(D),5,4,16,36,-6,12
    Vanuatu,1,(D),(*),(*),(*),(*),(*),(D),(*),(D),(D),(D),(*),(*),(*),(*),(*),(*),(*),(*),(*),(*),(*),(*),(*),(*),(*),(*),(D),(D),(*),(*)
    Vietnam,0,0,0,0,0,0,0,0,-4,-2,-2,4,(*),-1,4,-8,1,8,9,5,41,-41,23,-70,1065,473,-1123,-302,-61,-36,-98,-20
"Other Africa, Asia, and Pacific",n.s.,n.s.,n.s.,n.s.,n.s.,n.s.,n.s.,n.s.,n.s.,n.s.,n.s.,n.s.,n.s.,n.s.,n.s.,n.s.,n.s.,n.s.,n.s.,n.s.,n.s.,n.s.,n.s.,n.s.,n.s.,n.s.,n.s.,n.s.,n.s.,n.s.,n.s.,n.s.
  Afghanistan,n.s.,n.s.,n.s.,n.s.,n.s.,n.s.,n.s.,n.s.,n.s.,n.s.,n.s.,n.s.,n.s.,n.s.,n.s.,n.s.,n.s.,n.s.,n.s.,n.s.,n.s.,n.s.,n.s.,n.s.,n.s.,n.s.,n.s.,n.s.,n.s.,n.s.,n.s.,n.s.
  Algeria,n.s.,n.s.,n.s.,n.s.,n.s.,n.s.,n.s.,n.s.,n.s.,n.s.,n.s.,n.s.,n.s.,n.s.,n.s.,n.s.,n.s.,n.s.,n.s.,n.s.,n.s.,n.s.,n.s.,n.s.,n.s.,n.s.,n.s.,n.s.,n.s.,n.s.,n.s.,n.s.
  Bangladesh,n.s.,n.s.,n.s.,n.s.,n.s.,n.s.,n.s.,n.s.,n.s.,n.s.,n.s.,n.s.,n.s.,n.s.,n.s.,n.s.,n.s.,n.s.,n.s.,n.s.,n.s.,n.s.,n.s.,n.s.,n.s.,n.s.,n.s.,n.s.,n.s.,n.s.,n.s.,n.s.
  Brunei,n.s.,n.s.,n.s.,n.s.,n.s.,n.s.,n.s.,n.s.,n.s.,n.s.,n.s.,n.s.,n.s.,n.s.,n.s.,n.s.,n.s.,n.s.,n.s.,n.s.,n.s.,n.s.,n.s.,n.s.,n.s.,n.s.,n.s.,n.s.,n.s.,n.s.,n.s.,n.s.
  Cameroon,n.s.,n.s.,n.s.,n.s.,n.s.,n.s.,n.s.,n.s.,n.s.,n.s.,n.s.,n.s.,n.s.,n.s.,n.s.,n.s.,n.s.,n.s.,n.s.,n.s.,n.s.,n.s.,n.s.,n.s.,n.s.,n.s.,n.s.,n.s.,n.s.,n.s.,n.s.,n.s.
  China,n.s.,n.s.,n.s.,n.s.,n.s.,n.s.,n.s.,n.s.,n.s.,n.s.,n.s.,n.s.,n.s.,n.s.,n.s.,n.s.,n.s.,n.s.,n.s.,n.s.,n.s.,n.s.,n.s.,n.s.,n.s.,n.s.,n.s.,n.s.,n.s.,n.s.,n.s.,n.s.
  Congo,n.s.,n.s.,n.s.,n.s.,n.s.,n.s.,n.s.,n.s.,n.s.,n.s.,n.s.,n.s.,n.s.,n.s.,n.s.,n.s.,n.s.,n.s.,n.s.,n.s.,n.s.,n.s.,n.s.,n.s.,n.s.,n.s.,n.s.,n.s.,n.s.,n.s.,n.s.,n.s.
  Egypt,n.s.,n.s.,n.s.,n.s.,n.s.,n.s.,n.s.,n.s.,n.s.,n.s.,n.s.,n.s.,n.s.,n.s.,n.s.,n.s.,n.s.,n.s.,n.s.,n.s.,n.s.,n.s.,n.s.,n.s.,n.s.,n.s.,n.s.,n.s.,n.s.,n.s.,n.s.,n.s.
  Fiji,n.s.,n.s.,n.s.,n.s.,n.s.,n.s.,n.s.,n.s.,n.s.,n.s.,n.s.,n.s.,n.s.,n.s.,n.s.,n.s.,n.s.,n.s.,n.s.,n.s.,n.s.,n.s.,n.s.,n.s.,n.s.,n.s.,n.s.,n.s.,n.s.,n.s.,n.s.,n.s.
"  French Islands, Indian Ocean",n.s.,n.s.,n.s.,n.s.,n.s.,n.s.,n.s.,n.s.,n.s.,n.s.,n.s.,n.s.,n.s.,n.s.,n.s.,n.s.,n.s.,n.s.,n.s.,n.s.,n.s.,n.s.,n.s.,n.s.,n.s.,n.s.,n.s.,n.s.,n.s.,n.s.,n.s.,n.s.
"  French Islands, Pacific",n.s.,n.s.,n.s.,n.s.,n.s.,n.s.,n.s.,n.s.,n.s.,n.s.,n.s.,n.s.,n.s.,n.s.,n.s.,n.s.,n.s.,n.s.,n.s.,n.s.,n.s.,n.s.,n.s.,n.s.,n.s.,n.s.,n.s.,n.s.,n.s.,n.s.,n.s.,n.s.
  Gabon,n.s.,n.s.,n.s.,n.s.,n.s.,n.s.,n.s.,n.s.,n.s.,n.s.,n.s.,n.s.,n.s.,n.s.,n.s.,n.s.,n.s.,n.s.,n.s.,n.s.,n.s.,n.s.,n.s.,n.s.,n.s.,n.s.,n.s.,n.s.,n.s.,n.s.,n.s.,n.s.
  Ghana,n.s.,n.s.,n.s.,n.s.,n.s.,n.s.,n.s.,n.s.,n.s.,n.s.,n.s.,n.s.,n.s.,n.s.,n.s.,n.s.,n.s.,n.s.,n.s.,n.s.,n.s.,n.s.,n.s.,n.s.,n.s.,n.s.,n.s.,n.s.,n.s.,n.s.,n.s.,n.s.
  Guinea-Bissau,n.s.,n.s.,n.s.,n.s.,n.s.,n.s.,n.s.,n.s.,n.s.,n.s.,n.s.,n.s.,n.s.,n.s.,n.s.,n.s.,n.s.,n.s.,n.s.,n.s.,n.s.,n.s.,n.s.,n.s.,n.s.,n.s.,n.s.,n.s.,n.s.,n.s.,n.s.,n.s.
  Hong Kong,n.s.,n.s.,n.s.,n.s.,n.s.,n.s.,n.s.,n.s.,n.s.,n.s.,n.s.,n.s.,n.s.,n.s.,n.s.,n.s.,n.s.,n.s.,n.s.,n.s.,n.s.,n.s.,n.s.,n.s.,n.s.,n.s.,n.s.,n.s.,n.s.,n.s.,n.s.,n.s.
  India,n.s.,n.s.,n.s.,n.s.,n.s.,n.s.,n.s.,n.s.,n.s.,n.s.,n.s.,n.s.,n.s.,n.s.,n.s.,n.s.,n.s.,n.s.,n.s.,n.s.,n.s.,n.s.,n.s.,n.s.,n.s.,n.s.,n.s.,n.s.,n.s.,n.s.,n.s.,n.s.
  Indonesia,n.s.,n.s.,n.s.,n.s.,n.s.,n.s.,n.s.,n.s.,n.s.,n.s.,n.s.,n.s.,n.s.,n.s.,n.s.,n.s.,n.s.,n.s.,n.s.,n.s.,n.s.,n.s.,n.s.,n.s.,n.s.,n.s.,n.s.,n.s.,n.s.,n.s.,n.s.,n.s.
  Ivory Coast,n.s.,n.s.,n.s.,n.s.,n.s.,n.s.,n.s.,n.s.,n.s.,n.s.,n.s.,n.s.,n.s.,n.s.,n.s.,n.s.,n.s.,n.s.,n.s.,n.s.,n.s.,n.s.,n.s.,n.s.,n.s.,n.s.,n.s.,n.s.,n.s.,n.s.,n.s.,n.s.
  Kampuchea,n.s.,n.s.,n.s.,n.s.,n.s.,n.s.,n.s.,n.s.,n.s.,n.s.,n.s.,n.s.,n.s.,n.s.,n.s.,n.s.,n.s.,n.s.,n.s.,n.s.,n.s.,n.s.,n.s.,n.s.,n.s.,n.s.,n.s.,n.s.,n.s.,n.s.,n.s.,n.s.
  Kenya,n.s.,n.s.,n.s.,n.s.,n.s.,n.s.,n.s.,n.s.,n.s.,n.s.,n.s.,n.s.,n.s.,n.s.,n.s.,n.s.,n.s.,n.s.,n.s.,n.s.,n.s.,n.s.,n.s.,n.s.,n.s.,n.s.,n.s.,n.s.,n.s.,n.s.,n.s.,n.s.
  Laos,n.s.,n.s.,n.s.,n.s.,n.s.,n.s.,n.s.,n.s.,n.s.,n.s.,n.s.,n.s.,n.s.,n.s.,n.s.,n.s.,n.s.,n.s.,n.s.,n.s.,n.s.,n.s.,n.s.,n.s.,n.s.,n.s.,n.s.,n.s.,n.s.,n.s.,n.s.,n.s.
  Liberia,n.s.,n.s.,n.s.,n.s.,n.s.,n.s.,n.s.,n.s.,n.s.,n.s.,n.s.,n.s.,n.s.,n.s.,n.s.,n.s.,n.s.,n.s.,n.s.,n.s.,n.s.,n.s.,n.s.,n.s.,n.s.,n.s.,n.s.,n.s.,n.s.,n.s.,n.s.,n.s.
  Libya,n.s.,n.s.,n.s.,n.s.,n.s.,n.s.,n.s.,n.s.,n.s.,n.s.,n.s.,n.s.,n.s.,n.s.,n.s.,n.s.,n.s.,n.s.,n.s.,n.s.,n.s.,n.s.,n.s.,n.s.,n.s.,n.s.,n.s.,n.s.,n.s.,n.s.,n.s.,n.s.
  Madagascar,n.s.,n.s.,n.s.,n.s.,n.s.,n.s.,n.s.,n.s.,n.s.,n.s.,n.s.,n.s.,n.s.,n.s.,n.s.,n.s.,n.s.,n.s.,n.s.,n.s.,n.s.,n.s.,n.s.,n.s.,n.s.,n.s.,n.s.,n.s.,n.s.,n.s.,n.s.,n.s.
  Malawi,n.s.,n.s.,n.s.,n.s.,n.s.,n.s.,n.s.,n.s.,n.s.,n.s.,n.s.,n.s.,n.s.,n.s.,n.s.,n.s.,n.s.,n.s.,n.s.,n.s.,n.s.,n.s.,n.s.,n.s.,n.s.,n.s.,n.s.,n.s.,n.s.,n.s.,n.s.,n.s.
  Malaysia,n.s.,n.s.,n.s.,n.s.,n.s.,n.s.,n.s.,n.s.,n.s.,n.s.,n.s.,n.s.,n.s.,n.s.,n.s.,n.s.,n.s.,n.s.,n.s.,n.s.,n.s.,n.s.,n.s.,n.s.,n.s.,n.s.,n.s.,n.s.,n.s.,n.s.,n.s.,n.s.
  Maldives,n.s.,n.s.,n.s.,n.s.,n.s.,n.s.,n.s.,n.s.,n.s.,n.s.,n.s.,n.s.,n.s.,n.s.,n.s.,n.s.,n.s.,n.s.,n.s.,n.s.,n.s.,n.s.,n.s.,n.s.,n.s.,n.s.,n.s.,n.s.,n.s.,n.s.,n.s.,n.s.
  Morocco,n.s.,n.s.,n.s.,n.s.,n.s.,n.s.,n.s.,n.s.,n.s.,n.s.,n.s.,n.s.,n.s.,n.s.,n.s.,n.s.,n.s.,n.s.,n.s.,n.s.,n.s.,n.s.,n.s.,n.s.,n.s.,n.s.,n.s.,n.s.,n.s.,n.s.,n.s.,n.s.
  Namibia,n.s.,n.s.,n.s.,n.s.,n.s.,n.s.,n.s.,n.s.,n.s.,n.s.,n.s.,n.s.,n.s.,n.s.,n.s.,n.s.,n.s.,n.s.,n.s.,n.s.,n.s.,n.s.,n.s.,n.s.,n.s.,n.s.,n.s.,n.s.,n.s.,n.s.,n.s.,n.s.
  Nauru,n.s.,n.s.,n.s.,n.s.,n.s.,n.s.,n.s.,n.s.,n.s.,n.s.,n.s.,n.s.,n.s.,n.s.,n.s.,n.s.,n.s.,n.s.,n.s.,n.s.,n.s.,n.s.,n.s.,n.s.,n.s.,n.s.,n.s.,n.s.,n.s.,n.s.,n.s.,n.s.
  Nigeria,n.s.,n.s.,n.s.,n.s.,n.s.,n.s.,n.s.,n.s.,n.s.,n.s.,n.s.,n.s.,n.s.,n.s.,n.s.,n.s.,n.s.,n.s.,n.s.,n.s.,n.s.,n.s.,n.s.,n.s.,n.s.,n.s.,n.s.,n.s.,n.s.,n.s.,n.s.,n.s.
  Pakistan,n.s.,n.s.,n.s.,n.s.,n.s.,n.s.,n.s.,n.s.,n.s.,n.s.,n.s.,n.s.,n.s.,n.s.,n.s.,n.s.,n.s.,n.s.,n.s.,n.s.,n.s.,n.s.,n.s.,n.s.,n.s.,n.s.,n.s.,n.s.,n.s.,n.s.,n.s.,n.s.
  Philippines,n.s.,n.s.,n.s.,n.s.,n.s.,n.s.,n.s.,n.s.,n.s.,n.s.,n.s.,n.s.,n.s.,n.s.,n.s.,n.s.,n.s.,n.s.,n.s.,n.s.,n.s.,n.s.,n.s.,n.s.,n.s.,n.s.,n.s.,n.s.,n.s.,n.s.,n.s.,n.s.
  Senegal,n.s.,n.s.,n.s.,n.s.,n.s.,n.s.,n.s.,n.s.,n.s.,n.s.,n.s.,n.s.,n.s.,n.s.,n.s.,n.s.,n.s.,n.s.,n.s.,n.s.,n.s.,n.s.,n.s.,n.s.,n.s.,n.s.,n.s.,n.s.,n.s.,n.s.,n.s.,n.s.
  Singapore,n.s.,n.s.,n.s.,n.s.,n.s.,n.s.,n.s.,n.s.,n.s.,n.s.,n.s.,n.s.,n.s.,n.s.,n.s.,n.s.,n.s.,n.s.,n.s.,n.s.,n.s.,n.s.,n.s.,n.s.,n.s.,n.s.,n.s.,n.s.,n.s.,n.s.,n.s.,n.s.
  South Korea,n.s.,n.s.,n.s.,n.s.,n.s.,n.s.,n.s.,n.s.,n.s.,n.s.,n.s.,n.s.,n.s.,n.s.,n.s.,n.s.,n.s.,n.s.,n.s.,n.s.,n.s.,n.s.,n.s.,n.s.,n.s.,n.s.,n.s.,n.s.,n.s.,n.s.,n.s.,n.s.
  Sri Lanka,n.s.,n.s.,n.s.,n.s.,n.s.,n.s.,n.s.,n.s.,n.s.,n.s.,n.s.,n.s.,n.s.,n.s.,n.s.,n.s.,n.s.,n.s.,n.s.,n.s.,n.s.,n.s.,n.s.,n.s.,n.s.,n.s.,n.s.,n.s.,n.s.,n.s.,n.s.,n.s.
  Taiwan,n.s.,n.s.,n.s.,n.s.,n.s.,n.s.,n.s.,n.s.,n.s.,n.s.,n.s.,n.s.,n.s.,n.s.,n.s.,n.s.,n.s.,n.s.,n.s.,n.s.,n.s.,n.s.,n.s.,n.s.,n.s.,n.s.,n.s.,n.s.,n.s.,n.s.,n.s.,n.s.
  Tanzania,n.s.,n.s.,n.s.,n.s.,n.s.,n.s.,n.s.,n.s.,n.s.,n.s.,n.s.,n.s.,n.s.,n.s.,n.s.,n.s.,n.s.,n.s.,n.s.,n.s.,n.s.,n.s.,n.s.,n.s.,n.s.,n.s.,n.s.,n.s.,n.s.,n.s.,n.s.,n.s.
  Thailand,n.s.,n.s.,n.s.,n.s.,n.s.,n.s.,n.s.,n.s.,n.s.,n.s.,n.s.,n.s.,n.s.,n.s.,n.s.,n.s.,n.s.,n.s.,n.s.,n.s.,n.s.,n.s.,n.s.,n.s.,n.s.,n.s.,n.s.,n.s.,n.s.,n.s.,n.s.,n.s.
  Togo,n.s.,n.s.,n.s.,n.s.,n.s.,n.s.,n.s.,n.s.,n.s.,n.s.,n.s.,n.s.,n.s.,n.s.,n.s.,n.s.,n.s.,n.s.,n.s.,n.s.,n.s.,n.s.,n.s.,n.s.,n.s.,n.s.,n.s.,n.s.,n.s.,n.s.,n.s.,n.s.
  Tunisia,n.s.,n.s.,n.s.,n.s.,n.s.,n.s.,n.s.,n.s.,n.s.,n.s.,n.s.,n.s.,n.s.,n.s.,n.s.,n.s.,n.s.,n.s.,n.s.,n.s.,n.s.,n.s.,n.s.,n.s.,n.s.,n.s.,n.s.,n.s.,n.s.,n.s.,n.s.,n.s.
"  United Kingdom Islands, Atlantic (Africa)",n.s.,n.s.,n.s.,n.s.,n.s.,n.s.,n.s.,n.s.,n.s.,n.s.,n.s.,n.s.,n.s.,n.s.,n.s.,n.s.,n.s.,n.s.,n.s.,n.s.,n.s.,n.s.,n.s.,n.s.,n.s.,n.s.,n.s.,n.s.,n.s.,n.s.,n.s.,n.s.
"  United Kingdom Islands, Pacific",n.s.,n.s.,n.s.,n.s.,n.s.,n.s.,n.s.,n.s.,n.s.,n.s.,n.s.,n.s.,n.s.,n.s.,n.s.,n.s.,n.s.,n.s.,n.s.,n.s.,n.s.,n.s.,n.s.,n.s.,n.s.,n.s.,n.s.,n.s.,n.s.,n.s.,n.s.,n.s.
  Vanuatu,n.s.,n.s.,n.s.,n.s.,n.s.,n.s.,n.s.,n.s.,n.s.,n.s.,n.s.,n.s.,n.s.,n.s.,n.s.,n.s.,n.s.,n.s.,n.s.,n.s.,n.s.,n.s.,n.s.,n.s.,n.s.,n.s.,n.s.,n.s.,n.s.,n.s.,n.s.,n.s.
  Zaire,n.s.,n.s.,n.s.,n.s.,n.s.,n.s.,n.s.,n.s.,n.s.,n.s.,n.s.,n.s.,n.s.,n.s.,n.s.,n.s.,n.s.,n.s.,n.s.,n.s.,n.s.,n.s.,n.s.,n.s.,n.s.,n.s.,n.s.,n.s.,n.s.,n.s.,n.s.,n.s.
  Zambia,n.s.,n.s.,n.s.,n.s.,n.s.,n.s.,n.s.,n.s.,n.s.,n.s.,n.s.,n.s.,n.s.,n.s.,n.s.,n.s.,n.s.,n.s.,n.s.,n.s.,n.s.,n.s.,n.s.,n.s.,n.s.,n.s.,n.s.,n.s.,n.s.,n.s.,n.s.,n.s.
  Zimbabwe,n.s.,n.s.,n.s.,n.s.,n.s.,n.s.,n.s.,n.s.,n.s.,n.s.,n.s.,n.s.,n.s.,n.s.,n.s.,n.s.,n.s.,n.s.,n.s.,n.s.,n.s.,n.s.,n.s.,n.s.,n.s.,n.s.,n.s.,n.s.,n.s.,n.s.,n.s.,n.s.
Addenda:,,,,,,,,,,,,,,,,,,,,,,,,,,,,,,,,
  European Communities (10),n.s.,n.s.,n.s.,n.s.,n.s.,n.s.,n.s.,n.s.,n.s.,n.s.,n.s.,n.s.,n.s.,n.s.,n.s.,n.s.,n.s.,n.s.,n.s.,n.s.,n.s.,n.s.,n.s.,n.s.,n.s.,n.s.,n.s.,n.s.,n.s.,n.s.,n.s.,n.s.
  European Communities (12),n.s.,n.s.,n.s.,n.s.,n.s.,n.s.,n.s.,n.s.,n.s.,n.s.,n.s.,n.s.,n.s.,n.s.,n.s.,n.s.,n.s.,n.s.,n.s.,n.s.,n.s.,n.s.,n.s.,n.s.,n.s.,n.s.,n.s.,n.s.,n.s.,n.s.,n.s.,n.s.
  OPEC,n.s.,n.s.,n.s.,n.s.,n.s.,n.s.,n.s.,n.s.,n.s.,n.s.,n.s.,n.s.,n.s.,n.s.,n.s.,n.s.,n.s.,n.s.,n.s.,n.s.,n.s.,n.s.,n.s.,n.s.,n.s.,n.s.,n.s.,n.s.,n.s.,n.s.,n.s.,n.s.